source_sequence_name,offset,peptide,allele,score,affinity,percentile_rank,prediction_method_name,length
1_DHX15,9,AAIRTVIQ,HLA-C*15:02,0.13690888881683339,11366.826797344298,6.118875,mhcflurry,8
1_DHX15,9,AAIRTVIQI,HLA-C*15:02,0.4215761125087738,522.3919755272235,0.2893749999999997,mhcflurry,9
1_DHX15,9,AAIRTVIQIH,HLA-C*15:02,0.044207315891981236,30991.39697169355,35.33525000000001,mhcflurry,10
1_DHX15,9,AAIRTVIQIHM,HLA-C*15:02,0.14229099079966545,10723.804961522192,5.651125,mhcflurry,11
1_DHX15,9,AAIRTVIQIHMC,HLA-C*15:02,0.05594712868332852,27294.56170563438,25.831250000000004,mhcflurry,12
1_DHX15,9,AAIRTVIQIHMCE,HLA-C*15:02,0.04662294685840607,30191.88131029296,33.215,mhcflurry,13
1_DHX15,10,AIRTVIQI,HLA-C*15:02,0.07389459386467923,22477.164515004042,17.097125,mhcflurry,8
1_DHX15,10,AIRTVIQIH,HLA-C*15:02,0.048448000103235245,29601.539969935828,31.310625000000005,mhcflurry,9
1_DHX15,10,AIRTVIQIHM,HLA-C*15:02,0.05507523566484451,27553.268477200047,25.831250000000004,mhcflurry,10
1_DHX15,10,AIRTVIQIHMC,HLA-C*15:02,0.02643880620598782,37560.8011571395,69.30862499999999,mhcflurry,11
1_DHX15,10,AIRTVIQIHMCE,HLA-C*15:02,0.02195347100496292,39428.595082542684,85.023,mhcflurry,12
1_DHX15,10,AIRTVIQIHMCEE,HLA-C*15:02,0.020167924463748932,40197.73031775191,88.184,mhcflurry,13
2_GAS1,17,ALSRYLTY,HLA-C*15:02,0.043634850531816594,31183.95180314775,36.482000000000006,mhcflurry,8
2_GAS1,17,ALSRYLTYC,HLA-C*15:02,0.17605337128043175,7442.185546454073,3.7615,mhcflurry,9
2_GAS1,17,ALSRYLTYCG,HLA-C*15:02,0.03208425268530857,35335.160096509106,54.13475,mhcflurry,10
2_GAS1,4,ARRRCDRD,HLA-C*15:02,0.021948423236608394,39430.74856302699,85.023,mhcflurry,8
2_GAS1,4,ARRRCDRDS,HLA-C*15:02,0.06847947090864193,23833.4561261067,18.982125,mhcflurry,9
2_GAS1,4,ARRRCDRDSR,HLA-C*15:02,0.022935282438993454,39011.962682626545,81.81587499999998,mhcflurry,10
2_GAS1,4,ARRRCDRDSRC,HLA-C*15:02,0.024116262793541066,38516.641280385455,75.36287499999997,mhcflurry,11
2_GAS1,4,ARRRCDRDSRCN,HLA-C*15:02,0.02045854553580284,40071.52886239801,88.184,mhcflurry,12
2_GAS1,4,ARRRCDRDSRCNL,HLA-C*15:02,0.03340650722384464,34833.23654113843,52.026375,mhcflurry,13
0_CYP4A11,17,ASITWNHL,HLA-C*15:02,0.18208806216716766,6971.779805990394,3.5097500000000004,mhcflurry,8
0_CYP4A11,17,ASITWNHLD,HLA-C*15:02,0.12793517112731934,12525.828832743708,6.943625,mhcflurry,9
0_CYP4A11,17,ASITWNHLDQ,HLA-C*15:02,0.08258334547281276,20460.36330948092,14.31275,mhcflurry,10
2_GAS1,8,CDRDSRCN,HLA-C*15:02,0.04308164119720448,31371.166274938398,36.482000000000006,mhcflurry,8
2_GAS1,8,CDRDSRCNL,HLA-C*15:02,0.17270128801465034,7717.059206610577,3.90225,mhcflurry,9
2_GAS1,8,CDRDSRCNLA,HLA-C*15:02,0.027792811393737793,37014.5451755188,66.45625,mhcflurry,10
2_GAS1,8,CDRDSRCNLAL,HLA-C*15:02,0.06412178650498401,24984.096744809856,20.750375,mhcflurry,11
2_GAS1,8,CDRDSRCNLALS,HLA-C*15:02,0.01995028555393208,40292.499661913345,91.190375,mhcflurry,12
2_GAS1,8,CDRDSRCNLALSR,HLA-C*15:02,0.027628246694803238,37080.51026531133,66.45625,mhcflurry,13
2_GAS1,14,CNLALSRY,HLA-C*15:02,0.034146927297115326,34555.29597991286,50.015875,mhcflurry,8
2_GAS1,14,CNLALSRYL,HLA-C*15:02,0.20622488111257553,5369.396481038565,2.6495,mhcflurry,9
2_GAS1,14,CNLALSRYLT,HLA-C*15:02,0.030037838965654373,36126.26805470716,58.64875,mhcflurry,10
2_GAS1,14,CNLALSRYLTY,HLA-C*15:02,0.01911730319261551,40657.28462428377,91.190375,mhcflurry,11
2_GAS1,14,CNLALSRYLTYC,HLA-C*15:02,0.02608899399638165,37703.23405488683,69.30862499999999,mhcflurry,12
2_GAS1,14,CNLALSRYLTYCG,HLA-C*15:02,0.018823761492967606,40786.61972046638,93.954875,mhcflurry,13
0_CYP4A11,5,CREEIHSL,HLA-C*15:02,0.0717138834297657,23013.814977453116,17.828374999999994,mhcflurry,8
0_CYP4A11,5,CREEIHSLL,HLA-C*15:02,0.1949050985276699,6068.995181239576,3.0265000000000004,mhcflurry,9
0_CYP4A11,5,CREEIHSLLG,HLA-C*15:02,0.033781301230192184,34692.2672382366,52.026375,mhcflurry,10
0_CYP4A11,5,CREEIHSLLGD,HLA-C*15:02,0.01726434752345074,41480.63090058522,96.314,mhcflurry,11
0_CYP4A11,5,CREEIHSLLGDG,HLA-C*15:02,0.01816473528742779,41078.48877523016,93.954875,mhcflurry,12
0_CYP4A11,5,CREEIHSLLGDGA,HLA-C*15:02,0.020376581698656082,40107.08128034378,88.184,mhcflurry,13
2_GAS1,1,CTEARRRC,HLA-C*15:02,0.07338227704167366,22602.104871129908,17.097125,mhcflurry,8
2_GAS1,1,CTEARRRCD,HLA-C*15:02,0.11970031261444092,13693.101452020956,7.784375,mhcflurry,9
2_GAS1,1,CTEARRRCDR,HLA-C*15:02,0.03920328989624977,32715.60236752424,41.693125,mhcflurry,10
2_GAS1,1,CTEARRRCDRD,HLA-C*15:02,0.01988328993320454,40321.717387266,91.190375,mhcflurry,11
2_GAS1,1,CTEARRRCDRDS,HLA-C*15:02,0.02623242512345314,37644.76804833302,69.30862499999999,mhcflurry,12
2_GAS1,1,CTEARRRCDRDSR,HLA-C*15:02,0.023358222097158543,38833.847368956645,78.57175,mhcflurry,13
3_PDE6H,6,DDIPGMEG,HLA-C*15:02,0.07032793387770653,23361.523021447894,18.207625,mhcflurry,8
3_PDE6H,6,DDIPGMEGL,HLA-C*15:02,0.20251472294330586,5589.325420979614,2.764,mhcflurry,9
3_PDE6H,6,DDIPGMEGLG,HLA-C*15:02,0.04613044112920761,30353.197320641342,33.215,mhcflurry,10
3_PDE6H,6,DDIPGMEGLGT,HLA-C*15:02,0.03850092738866795,32965.16860893356,43.183875,mhcflurry,11
3_PDE6H,6,DDIPGMEGLGTD,HLA-C*15:02,0.021591808646917343,39583.185642747376,85.023,mhcflurry,12
3_PDE6H,6,DDIPGMEGLGTDI,HLA-C*15:02,0.09266323223710049,18346.290060229596,11.93025,mhcflurry,13
0_CYP4A11,15,DGASITWN,HLA-C*15:02,0.024106286466121674,38520.799054621835,75.36287499999997,mhcflurry,8
0_CYP4A11,15,DGASITWNH,HLA-C*15:02,0.060588501393795124,25957.714632218573,22.776000000000003,mhcflurry,9
0_CYP4A11,15,DGASITWNHL,HLA-C*15:02,0.05731852352619171,26892.54980390659,24.527875,mhcflurry,10
0_CYP4A11,15,DGASITWNHLD,HLA-C*15:02,0.0191941335797311,40623.500765460376,91.190375,mhcflurry,11
0_CYP4A11,15,DGASITWNHLDQ,HLA-C*15:02,0.024433698505163193,38384.5795581276,75.36287499999997,mhcflurry,12
3_PDE6H,7,DIPGMEGL,HLA-C*15:02,0.07169269025325775,23019.092776226,17.828374999999994,mhcflurry,8
3_PDE6H,7,DIPGMEGLG,HLA-C*15:02,0.06120811402797699,25784.274289727335,22.234125,mhcflurry,9
3_PDE6H,7,DIPGMEGLGT,HLA-C*15:02,0.03008620813488949,36107.36654681238,58.64875,mhcflurry,10
3_PDE6H,7,DIPGMEGLGTD,HLA-C*15:02,0.018366631120443344,40988.8520647741,93.954875,mhcflurry,11
3_PDE6H,7,DIPGMEGLGTDI,HLA-C*15:02,0.06456697732210159,24864.041078425762,20.750375,mhcflurry,12
3_PDE6H,7,DIPGMEGLGTDIT,HLA-C*15:02,0.0249425731599332,38173.818230629,75.36287499999997,mhcflurry,13
3_PDE6H,17,DITVICPW,HLA-C*15:02,0.06792523339390755,23976.808248776037,19.40125,mhcflurry,8
3_PDE6H,17,DITVICPWE,HLA-C*15:02,0.03551957383751869,34045.882213200726,48.146625,mhcflurry,9
3_PDE6H,17,DITVICPWEA,HLA-C*15:02,0.031348951160907745,35617.400780791446,56.347,mhcflurry,10
2_GAS1,9,DRDSRCNL,HLA-C*15:02,0.10939604789018631,15308.098805837702,9.036250000000004,mhcflurry,8
2_GAS1,9,DRDSRCNLA,HLA-C*15:02,0.08512713015079487,19904.907934733634,13.53525,mhcflurry,9
2_GAS1,9,DRDSRCNLAL,HLA-C*15:02,0.10155773535370827,16663.0022208068,10.254875,mhcflurry,10
2_GAS1,9,DRDSRCNLALS,HLA-C*15:02,0.02337697520852089,38825.968605643386,78.57175,mhcflurry,11
2_GAS1,9,DRDSRCNLALSR,HLA-C*15:02,0.0274062678217889,37169.67586726984,66.45625,mhcflurry,12
2_GAS1,9,DRDSRCNLALSRY,HLA-C*15:02,0.021063290536403545,39810.18849569723,85.023,mhcflurry,13
2_GAS1,11,DSRCNLAL,HLA-C*15:02,0.12187865376472473,13374.140032660203,7.55725,mhcflurry,8
2_GAS1,11,DSRCNLALS,HLA-C*15:02,0.06105225905776024,25827.791411243183,22.776000000000003,mhcflurry,9
2_GAS1,11,DSRCNLALSR,HLA-C*15:02,0.02621418610215187,37652.19768148684,69.30862499999999,mhcflurry,10
2_GAS1,11,DSRCNLALSRY,HLA-C*15:02,0.023376379162073135,38826.21899863266,78.57175,mhcflurry,11
2_GAS1,11,DSRCNLALSRYL,HLA-C*15:02,0.047080647200346104,30042.734195134886,32.231500000000004,mhcflurry,12
2_GAS1,11,DSRCNLALSRYLT,HLA-C*15:02,0.019234947860240936,40605.565328419245,91.190375,mhcflurry,13
1_DHX15,5,DYLEAAIR,HLA-C*15:02,0.04647391662001621,30240.60420970539,33.215,mhcflurry,8
1_DHX15,5,DYLEAAIRT,HLA-C*15:02,0.06406376510858547,24999.7861514274,21.233125,mhcflurry,9
1_DHX15,5,DYLEAAIRTV,HLA-C*15:02,0.0316024087369442,35519.85903976816,56.347,mhcflurry,10
1_DHX15,5,DYLEAAIRTVI,HLA-C*15:02,0.029127549380064233,36483.8384072393,61.10525,mhcflurry,11
1_DHX15,5,DYLEAAIRTVIQ,HLA-C*15:02,0.02409781888127327,38524.32839138936,75.36287499999997,mhcflurry,12
1_DHX15,5,DYLEAAIRTVIQI,HLA-C*15:02,0.03599039465188991,33872.88747610574,48.146625,mhcflurry,13
1_DHX15,8,EAAIRTVI,HLA-C*15:02,0.10045811533927917,16862.436749784196,10.4225,mhcflurry,8
1_DHX15,8,EAAIRTVIQ,HLA-C*15:02,0.10729533806443214,15660.024211278955,9.311125000000002,mhcflurry,9
1_DHX15,8,EAAIRTVIQI,HLA-C*15:02,0.06558095663785923,24592.747808120916,20.29175,mhcflurry,10
1_DHX15,8,EAAIRTVIQIH,HLA-C*15:02,0.018246598541736714,41042.11993078214,93.954875,mhcflurry,11
1_DHX15,8,EAAIRTVIQIHM,HLA-C*15:02,0.050901737064123265,28825.99246033217,29.576875000000005,mhcflurry,12
1_DHX15,8,EAAIRTVIQIHMC,HLA-C*15:02,0.025448445230722427,37965.447522044495,72.29299999999998,mhcflurry,13
2_GAS1,3,EARRRCDR,HLA-C*15:02,0.052049074321985245,28470.36043434712,28.77062500000001,mhcflurry,8
2_GAS1,3,EARRRCDRD,HLA-C*15:02,0.05902397632598866,26400.8621843386,23.912625,mhcflurry,9
2_GAS1,3,EARRRCDRDS,HLA-C*15:02,0.03972113877534866,32532.80909293974,41.693125,mhcflurry,10
2_GAS1,3,EARRRCDRDSR,HLA-C*15:02,0.02863233909010887,36679.84584605273,63.73575,mhcflurry,11
2_GAS1,3,EARRRCDRDSRC,HLA-C*15:02,0.04044219106435765,32279.987777964376,40.262,mhcflurry,12
2_GAS1,3,EARRRCDRDSRCN,HLA-C*15:02,0.02802197262644779,36922.88226799989,66.45625,mhcflurry,13
0_CYP4A11,7,EEIHSLLG,HLA-C*15:02,0.04915705695748329,29375.3106590034,30.420750000000005,mhcflurry,8
0_CYP4A11,7,EEIHSLLGD,HLA-C*15:02,0.0571059249341489,26954.48112153657,24.527875,mhcflurry,9
0_CYP4A11,7,EEIHSLLGDG,HLA-C*15:02,0.02470955625176441,38270.183154545826,75.36287499999997,mhcflurry,10
0_CYP4A11,7,EEIHSLLGDGA,HLA-C*15:02,0.03135537728667248,35614.92441550533,56.347,mhcflurry,11
0_CYP4A11,7,EEIHSLLGDGAS,HLA-C*15:02,0.030627395957708248,35896.556502270956,58.64875,mhcflurry,12
0_CYP4A11,7,EEIHSLLGDGASI,HLA-C*15:02,0.05909986793994915,26379.19253086755,23.3345,mhcflurry,13
3_PDE6H,12,EGLGTDIT,HLA-C*15:02,0.06976526603102684,23504.180407713055,18.595749999999995,mhcflurry,8
3_PDE6H,12,EGLGTDITV,HLA-C*15:02,0.25172559544444084,3281.851924555552,1.6201249999999985,mhcflurry,9
3_PDE6H,12,EGLGTDITVI,HLA-C*15:02,0.07154167816042911,23056.73481520217,17.828374999999994,mhcflurry,10
3_PDE6H,12,EGLGTDITVIC,HLA-C*15:02,0.06121462956070889,25782.456649621487,22.234125,mhcflurry,11
3_PDE6H,12,EGLGTDITVICP,HLA-C*15:02,0.031168144196272007,35687.14699069312,56.347,mhcflurry,12
3_PDE6H,12,EGLGTDITVICPW,HLA-C*15:02,0.056282225996255875,27195.779580886036,25.162875000000003,mhcflurry,13
0_CYP4A11,8,EIHSLLGD,HLA-C*15:02,0.02948574349284172,36342.715982893205,61.10525,mhcflurry,8
0_CYP4A11,8,EIHSLLGDG,HLA-C*15:02,0.05539175122976303,27459.07016514278,25.831250000000004,mhcflurry,9
0_CYP4A11,8,EIHSLLGDGA,HLA-C*15:02,0.031392063945531845,35600.79017887467,56.347,mhcflurry,10
0_CYP4A11,8,EIHSLLGDGAS,HLA-C*15:02,0.028296690434217564,36813.29616489803,63.73575,mhcflurry,11
0_CYP4A11,8,EIHSLLGDGASI,HLA-C*15:02,0.05194902420043934,28501.196860210144,28.77062500000001,mhcflurry,12
0_CYP4A11,8,EIHSLLGDGASIT,HLA-C*15:02,0.03281122446060181,35058.31547868757,54.13475,mhcflurry,13
1_DHX15,1,EPERDYLE,HLA-C*15:02,0.03694434091448795,33525.06700655075,46.384875,mhcflurry,8
1_DHX15,1,EPERDYLEA,HLA-C*15:02,0.13850394636392604,11172.339256020956,5.9593750000000005,mhcflurry,9
1_DHX15,1,EPERDYLEAA,HLA-C*15:02,0.03577556461095821,33951.713646862045,48.146625,mhcflurry,10
1_DHX15,1,EPERDYLEAAI,HLA-C*15:02,0.05123693495988857,28721.636656101327,28.77062500000001,mhcflurry,11
1_DHX15,1,EPERDYLEAAIR,HLA-C*15:02,0.029227152466773987,36444.54156191425,61.10525,mhcflurry,12
1_DHX15,1,EPERDYLEAAIRT,HLA-C*15:02,0.025814756751060597,37815.27270792829,72.29299999999998,mhcflurry,13
0_CYP4A11,3,ERCREEIH,HLA-C*15:02,0.027258940041065327,37228.97358420928,66.45625,mhcflurry,8
0_CYP4A11,3,ERCREEIHS,HLA-C*15:02,0.06944401562213898,23586.019754455505,18.595749999999995,mhcflurry,9
0_CYP4A11,3,ERCREEIHSL,HLA-C*15:02,0.048069581389427185,29722.9891715674,31.310625000000005,mhcflurry,10
0_CYP4A11,3,ERCREEIHSLL,HLA-C*15:02,0.03374343365430832,34706.48422376355,52.026375,mhcflurry,11
0_CYP4A11,3,ERCREEIHSLLG,HLA-C*15:02,0.018635209649801365,40869.91299430397,93.954875,mhcflurry,12
0_CYP4A11,3,ERCREEIHSLLGD,HLA-C*15:02,0.016964904963970073,41615.24202954209,98.17299999999999,mhcflurry,13
1_DHX15,3,ERDYLEAA,HLA-C*15:02,0.04279324784874927,31469.208242337598,37.681625,mhcflurry,8
1_DHX15,3,ERDYLEAAI,HLA-C*15:02,0.2684365659952165,2739.0164002238034,1.3534999999999986,mhcflurry,9
1_DHX15,3,ERDYLEAAIR,HLA-C*15:02,0.04982311278581619,29164.37620934333,30.420750000000005,mhcflurry,10
1_DHX15,3,ERDYLEAAIRT,HLA-C*15:02,0.03066251426935207,35882.919394519915,58.64875,mhcflurry,11
1_DHX15,3,ERDYLEAAIRTV,HLA-C*15:02,0.028058841824531666,36908.156056694104,63.73575,mhcflurry,12
1_DHX15,3,ERDYLEAAIRTVI,HLA-C*15:02,0.03584497421979904,33926.22559799687,48.146625,mhcflurry,13
3_PDE6H,4,FGDDIPGM,HLA-C*15:02,0.22933682054281246,4181.413949227754,2.0528749999999985,mhcflurry,8
3_PDE6H,4,FGDDIPGME,HLA-C*15:02,0.33340420946478844,1356.1684126558673,0.7013749999999995,mhcflurry,9
3_PDE6H,4,FGDDIPGMEG,HLA-C*15:02,0.09921339899301529,17091.068642970986,10.5955,mhcflurry,10
3_PDE6H,4,FGDDIPGMEGL,HLA-C*15:02,0.11754657328128826,14015.938473236261,8.022625,mhcflurry,11
3_PDE6H,4,FGDDIPGMEGLG,HLA-C*15:02,0.06262120604515098,25393.048110283202,21.726750000000006,mhcflurry,12
3_PDE6H,4,FGDDIPGMEGLGT,HLA-C*15:02,0.07869063690304756,21340.52316087736,15.45675,mhcflurry,13
0_CYP4A11,16,GASITWNH,HLA-C*15:02,0.03199319913983345,35369.98871374509,56.347,mhcflurry,8
0_CYP4A11,16,GASITWNHL,HLA-C*15:02,0.17971335723996162,7153.232306163091,3.591,mhcflurry,9
0_CYP4A11,16,GASITWNHLD,HLA-C*15:02,0.026632998138666042,37481.96449628604,69.30862499999999,mhcflurry,10
0_CYP4A11,16,GASITWNHLDQ,HLA-C*15:02,0.05097758024930954,28802.347368030827,29.576875000000005,mhcflurry,11
2_GAS1,0,GCTEARRR,HLA-C*15:02,0.10257185995578766,16481.165144318766,10.096875,mhcflurry,8
2_GAS1,0,GCTEARRRC,HLA-C*15:02,0.258759543299675,3041.3518922031817,1.5002499999999983,mhcflurry,9
2_GAS1,0,GCTEARRRCD,HLA-C*15:02,0.03904382511973381,32772.09772552117,41.693125,mhcflurry,10
2_GAS1,0,GCTEARRRCDR,HLA-C*15:02,0.04708659276366234,30040.801617913872,32.231500000000004,mhcflurry,11
2_GAS1,0,GCTEARRRCDRD,HLA-C*15:02,0.02420278266072262,38480.6017309275,75.36287499999997,mhcflurry,12
2_GAS1,0,GCTEARRRCDRDS,HLA-C*15:02,0.037336062639951595,33383.27698923451,44.758375,mhcflurry,13
3_PDE6H,5,GDDIPGME,HLA-C*15:02,0.04045005142688762,32277.242566321784,40.262,mhcflurry,8
3_PDE6H,5,GDDIPGMEG,HLA-C*15:02,0.10551413521170616,15964.754626212896,9.615625,mhcflurry,9
3_PDE6H,5,GDDIPGMEGL,HLA-C*15:02,0.03859597072005272,32931.286375553675,43.183875,mhcflurry,10
3_PDE6H,5,GDDIPGMEGLG,HLA-C*15:02,0.02564348652958859,37885.41337895456,72.29299999999998,mhcflurry,11
3_PDE6H,5,GDDIPGMEGLGT,HLA-C*15:02,0.03446963056921959,34434.85386254326,50.015875,mhcflurry,12
3_PDE6H,5,GDDIPGMEGLGTD,HLA-C*15:02,0.016993556171655766,41602.343315786224,98.17299999999999,mhcflurry,13
0_CYP4A11,14,GDGASITW,HLA-C*15:02,0.06208357214927673,25541.19195571802,21.726750000000006,mhcflurry,8
0_CYP4A11,14,GDGASITWN,HLA-C*15:02,0.04432635381817829,30951.50686307412,35.33525000000001,mhcflurry,9
0_CYP4A11,14,GDGASITWNH,HLA-C*15:02,0.020015671849250793,40264.00420081102,91.190375,mhcflurry,10
0_CYP4A11,14,GDGASITWNHL,HLA-C*15:02,0.04004712030291546,32418.26643593301,40.262,mhcflurry,11
0_CYP4A11,14,GDGASITWNHLD,HLA-C*15:02,0.020958174020051845,39855.49186973984,88.184,mhcflurry,12
0_CYP4A11,14,GDGASITWNHLDQ,HLA-C*15:02,0.024200722575187572,38481.45946035208,75.36287499999997,mhcflurry,13
3_PDE6H,3,GFGDDIPG,HLA-C*15:02,0.05254640430212021,28317.572865084574,28.00487500000001,mhcflurry,8
3_PDE6H,3,GFGDDIPGM,HLA-C*15:02,0.15832708403468132,9015.6238875375,4.6178750000000015,mhcflurry,9
3_PDE6H,3,GFGDDIPGME,HLA-C*15:02,0.033308733254670986,34870.10586514881,52.026375,mhcflurry,10
3_PDE6H,3,GFGDDIPGMEG,HLA-C*15:02,0.03425408899784077,34515.25351297136,50.015875,mhcflurry,11
3_PDE6H,3,GFGDDIPGMEGL,HLA-C*15:02,0.04380830377340317,31125.482964114584,36.482000000000006,mhcflurry,12
3_PDE6H,3,GFGDDIPGMEGLG,HLA-C*15:02,0.023464534431695938,38789.20341202295,78.57175,mhcflurry,13
3_PDE6H,13,GLGTDITV,HLA-C*15:02,0.08699131757020961,19507.445957296168,13.28975,mhcflurry,8
3_PDE6H,13,GLGTDITVI,HLA-C*15:02,0.24016427993774414,3719.163378231279,1.8404999999999985,mhcflurry,9
3_PDE6H,13,GLGTDITVIC,HLA-C*15:02,0.05064132437109958,28907.327326853545,29.576875000000005,mhcflurry,10
3_PDE6H,13,GLGTDITVICP,HLA-C*15:02,0.026309385895729065,37613.43435429446,69.30862499999999,mhcflurry,11
3_PDE6H,13,GLGTDITVICPW,HLA-C*15:02,0.03956608474254608,32587.43357605365,41.693125,mhcflurry,12
3_PDE6H,13,GLGTDITVICPWE,HLA-C*15:02,0.017011906951665767,41594.08393346476,98.17299999999999,mhcflurry,13
3_PDE6H,10,GMEGLGTD,HLA-C*15:02,0.03780069947242737,33215.87147417302,44.758375,mhcflurry,8
3_PDE6H,10,GMEGLGTDI,HLA-C*15:02,0.36621420830488205,950.9122109706244,0.5079999999999996,mhcflurry,9
3_PDE6H,10,GMEGLGTDIT,HLA-C*15:02,0.03850896656513225,32962.301353814335,43.183875,mhcflurry,10
3_PDE6H,10,GMEGLGTDITV,HLA-C*15:02,0.0572274811565876,26919.053583791825,24.527875,mhcflurry,11
3_PDE6H,10,GMEGLGTDITVI,HLA-C*15:02,0.05340873822569858,28054.59124648249,27.228500000000004,mhcflurry,12
3_PDE6H,10,GMEGLGTDITVIC,HLA-C*15:02,0.04026902467012394,32340.52496715911,40.262,mhcflurry,13
3_PDE6H,15,GTDITVIC,HLA-C*15:02,0.08872067183256171,19145.831332749094,12.795875,mhcflurry,8
3_PDE6H,15,GTDITVICP,HLA-C*15:02,0.07962675765156757,21125.46409786693,15.147125,mhcflurry,9
3_PDE6H,15,GTDITVICPW,HLA-C*15:02,0.05974976718425751,26194.35087208365,23.3345,mhcflurry,10
3_PDE6H,15,GTDITVICPWE,HLA-C*15:02,0.02016049250960339,40200.962831469085,88.184,mhcflurry,11
3_PDE6H,15,GTDITVICPWEA,HLA-C*15:02,0.03338582813739788,34841.03111048499,52.026375,mhcflurry,12
3_PDE6H,0,GVKGFGDD,HLA-C*15:02,0.041125427931547165,32042.23875008631,38.9425,mhcflurry,8
3_PDE6H,0,GVKGFGDDI,HLA-C*15:02,0.21454042196273815,4907.394782261973,2.422874999999999,mhcflurry,9
3_PDE6H,0,GVKGFGDDIP,HLA-C*15:02,0.029552459716796875,36316.49128704001,61.10525,mhcflurry,10
3_PDE6H,0,GVKGFGDDIPG,HLA-C*15:02,0.034125469624996296,34563.3195194858,50.015875,mhcflurry,11
3_PDE6H,0,GVKGFGDDIPGM,HLA-C*15:02,0.034139275550842285,34558.156938142594,50.015875,mhcflurry,12
3_PDE6H,0,GVKGFGDDIPGME,HLA-C*15:02,0.02319708466529835,38901.612122556835,78.57175,mhcflurry,13
1_DHX15,18,HMCEEEEG,HLA-C*15:02,0.04321546480059635,31325.77552406028,36.482000000000006,mhcflurry,8
1_DHX15,18,HMCEEEEGD,HLA-C*15:02,0.07529492303729068,22139.174302822794,16.401875,mhcflurry,9
0_CYP4A11,1,HQERCREE,HLA-C*15:02,0.0494908168911935,29269.421596775184,30.420750000000005,mhcflurry,8
0_CYP4A11,1,HQERCREEI,HLA-C*15:02,0.1376461200416088,11276.517936805221,6.040625,mhcflurry,9
0_CYP4A11,1,HQERCREEIH,HLA-C*15:02,0.02764664962887764,37073.12768981453,66.45625,mhcflurry,10
0_CYP4A11,1,HQERCREEIHS,HLA-C*15:02,0.027470584958791844,37143.81859335698,66.45625,mhcflurry,11
0_CYP4A11,1,HQERCREEIHSL,HLA-C*15:02,0.03669808804988861,33614.51034547816,46.384875,mhcflurry,12
0_CYP4A11,1,HQERCREEIHSLL,HLA-C*15:02,0.03872865065932274,32884.04520731029,43.183875,mhcflurry,13
0_CYP4A11,10,HSLLGDGA,HLA-C*15:02,0.0419723242521286,31749.969443815884,38.9425,mhcflurry,8
0_CYP4A11,10,HSLLGDGAS,HLA-C*15:02,0.0948212891817094,17922.872309665876,11.53,mhcflurry,9
0_CYP4A11,10,HSLLGDGASI,HLA-C*15:02,0.0901922807097435,18843.396329798627,12.350375,mhcflurry,10
0_CYP4A11,10,HSLLGDGASIT,HLA-C*15:02,0.03372454643249512,34713.57741126133,52.026375,mhcflurry,11
0_CYP4A11,10,HSLLGDGASITW,HLA-C*15:02,0.04584326595067989,30447.656592790536,34.24525000000001,mhcflurry,12
0_CYP4A11,10,HSLLGDGASITWN,HLA-C*15:02,0.021151356399059407,39772.27330051916,85.023,mhcflurry,13
1_DHX15,17,IHMCEEEE,HLA-C*15:02,0.03273724764585495,35086.38783405706,54.13475,mhcflurry,8
1_DHX15,17,IHMCEEEEG,HLA-C*15:02,0.056697335094213375,27073.906666018072,25.162875000000003,mhcflurry,9
1_DHX15,17,IHMCEEEEGD,HLA-C*15:02,0.02223389223217964,39309.146260646325,81.81587499999998,mhcflurry,10
0_CYP4A11,9,IHSLLGDG,HLA-C*15:02,0.02076033130288124,39940.89848566398,88.184,mhcflurry,8
0_CYP4A11,9,IHSLLGDGA,HLA-C*15:02,0.041986849159002415,31744.98012904405,38.9425,mhcflurry,9
0_CYP4A11,9,IHSLLGDGAS,HLA-C*15:02,0.022460907697677723,39212.71137774187,81.81587499999998,mhcflurry,10
0_CYP4A11,9,IHSLLGDGASI,HLA-C*15:02,0.04090268909931183,32119.553183678607,40.262,mhcflurry,11
0_CYP4A11,9,IHSLLGDGASIT,HLA-C*15:02,0.021909914910793193,39447.180868466865,85.023,mhcflurry,12
0_CYP4A11,9,IHSLLGDGASITW,HLA-C*15:02,0.02684340626001369,37396.731266011775,69.30862499999999,mhcflurry,13
3_PDE6H,8,IPGMEGLG,HLA-C*15:02,0.028248284012079128,36832.582059329594,63.73575,mhcflurry,8
3_PDE6H,8,IPGMEGLGT,HLA-C*15:02,0.05343674123287201,28046.09237645729,27.228500000000004,mhcflurry,9
3_PDE6H,8,IPGMEGLGTD,HLA-C*15:02,0.017051801085471996,41576.133901017565,96.314,mhcflurry,10
3_PDE6H,8,IPGMEGLGTDI,HLA-C*15:02,0.04935501515865337,29312.460075854346,30.420750000000005,mhcflurry,11
3_PDE6H,8,IPGMEGLGTDIT,HLA-C*15:02,0.020350884646177403,40118.23405962138,88.184,mhcflurry,12
3_PDE6H,8,IPGMEGLGTDITV,HLA-C*15:02,0.026814352720975765,37408.48888301806,69.30862499999999,mhcflurry,13
1_DHX15,15,IQIHMCEE,HLA-C*15:02,0.06643333658576023,24366.982333736563,19.83825,mhcflurry,8
1_DHX15,15,IQIHMCEEE,HLA-C*15:02,0.07048386335372925,23322.142502845876,18.207625,mhcflurry,9
1_DHX15,15,IQIHMCEEEE,HLA-C*15:02,0.03688572347164165,33546.336277938564,46.384875,mhcflurry,10
1_DHX15,15,IQIHMCEEEEG,HLA-C*15:02,0.0339660868048669,34622.974929635886,52.026375,mhcflurry,11
1_DHX15,15,IQIHMCEEEEGD,HLA-C*15:02,0.02768951654434204,37055.93677011622,66.45625,mhcflurry,12
1_DHX15,11,IRTVIQIH,HLA-C*15:02,0.020124420523643383,40216.65596329012,88.184,mhcflurry,8
1_DHX15,11,IRTVIQIHM,HLA-C*15:02,0.14551230892539024,10356.476628402706,5.439500000000002,mhcflurry,9
1_DHX15,11,IRTVIQIHMC,HLA-C*15:02,0.025977224111557007,37748.85711346237,72.29299999999998,mhcflurry,10
1_DHX15,11,IRTVIQIHMCE,HLA-C*15:02,0.016640201210975536,41761.70276292712,98.17299999999999,mhcflurry,11
1_DHX15,11,IRTVIQIHMCEE,HLA-C*15:02,0.018544785678386577,40909.918348417494,93.954875,mhcflurry,12
1_DHX15,11,IRTVIQIHMCEEE,HLA-C*15:02,0.017595667392015457,41332.19703541254,96.314,mhcflurry,13
3_PDE6H,18,ITVICPWE,HLA-C*15:02,0.023722704499959946,38681.00305684374,78.57175,mhcflurry,8
3_PDE6H,18,ITVICPWEA,HLA-C*15:02,0.093228779733181,18234.37007785215,11.73425,mhcflurry,9
0_CYP4A11,19,ITWNHLDQ,HLA-C*15:02,0.11520368233323097,14375.777972354477,8.25975,mhcflurry,8
3_PDE6H,2,KGFGDDIP,HLA-C*15:02,0.08415884524583828,20114.540453824375,13.78825,mhcflurry,8
3_PDE6H,2,KGFGDDIPG,HLA-C*15:02,0.30814627930521965,1782.3782787879836,0.9079999999999994,mhcflurry,9
3_PDE6H,2,KGFGDDIPGM,HLA-C*15:02,0.11349922418594349,14643.35376027162,8.506625000000001,mhcflurry,10
3_PDE6H,2,KGFGDDIPGME,HLA-C*15:02,0.04511444270610809,30688.70703579865,34.24525000000001,mhcflurry,11
3_PDE6H,2,KGFGDDIPGMEG,HLA-C*15:02,0.05324934050440777,28103.017288196963,27.228500000000004,mhcflurry,12
3_PDE6H,2,KGFGDDIPGMEGL,HLA-C*15:02,0.08385665342211734,20180.415567038093,14.042625,mhcflurry,13
0_CYP4A11,0,KHQERCRE,HLA-C*15:02,0.03169845417141903,35482.96631917365,56.347,mhcflurry,8
0_CYP4A11,0,KHQERCREE,HLA-C*15:02,0.06849422678351413,23829.651292388695,18.982125,mhcflurry,9
0_CYP4A11,0,KHQERCREEI,HLA-C*15:02,0.05049176141619682,28954.144132898877,29.576875000000005,mhcflurry,10
0_CYP4A11,0,KHQERCREEIH,HLA-C*15:02,0.027601536363363266,37091.22807638656,66.45625,mhcflurry,11
0_CYP4A11,0,KHQERCREEIHS,HLA-C*15:02,0.030396904796361923,35986.18932532188,58.64875,mhcflurry,12
0_CYP4A11,0,KHQERCREEIHSL,HLA-C*15:02,0.04032810777425766,32319.857373059054,40.262,mhcflurry,13
2_GAS1,16,LALSRYLT,HLA-C*15:02,0.08973710238933563,18936.427607703496,12.565125,mhcflurry,8
2_GAS1,16,LALSRYLTY,HLA-C*15:02,0.2407880574464798,3694.146760165444,1.8228749999999985,mhcflurry,9
2_GAS1,16,LALSRYLTYC,HLA-C*15:02,0.12137417122721661,13447.340891874184,7.55725,mhcflurry,10
2_GAS1,16,LALSRYLTYCG,HLA-C*15:02,0.04530132561922062,30626.716192645774,34.24525000000001,mhcflurry,11
1_DHX15,7,LEAAIRTV,HLA-C*15:02,0.0472983457148074,29972.053322407748,32.231500000000004,mhcflurry,8
1_DHX15,7,LEAAIRTVI,HLA-C*15:02,0.1598105803132056,8872.068393520198,4.561625,mhcflurry,9
1_DHX15,7,LEAAIRTVIQ,HLA-C*15:02,0.031472835689783096,35569.69108736821,56.347,mhcflurry,10
1_DHX15,7,LEAAIRTVIQI,HLA-C*15:02,0.03811729699373245,33102.284666394524,43.183875,mhcflurry,11
1_DHX15,7,LEAAIRTVIQIH,HLA-C*15:02,0.017241761088371388,41490.76918502952,96.314,mhcflurry,12
1_DHX15,7,LEAAIRTVIQIHM,HLA-C*15:02,0.0396987460553645,32540.692235634804,41.693125,mhcflurry,13
0_CYP4A11,13,LGDGASIT,HLA-C*15:02,0.1796826124191283,7155.612240055168,3.591,mhcflurry,8
0_CYP4A11,13,LGDGASITW,HLA-C*15:02,0.40358791872859,634.6327502355545,0.3476249999999996,mhcflurry,9
0_CYP4A11,13,LGDGASITWN,HLA-C*15:02,0.052504755556583516,28330.33649401904,28.00487500000001,mhcflurry,10
0_CYP4A11,13,LGDGASITWNH,HLA-C*15:02,0.036675773561000935,33622.62713946458,46.384875,mhcflurry,11
0_CYP4A11,13,LGDGASITWNHL,HLA-C*15:02,0.0848628617823125,19961.903984978675,13.78825,mhcflurry,12
0_CYP4A11,13,LGDGASITWNHLD,HLA-C*15:02,0.04759259894490242,29876.78139819519,32.231500000000004,mhcflurry,13
3_PDE6H,14,LGTDITVI,HLA-C*15:02,0.19752521812915813,5899.3604084673725,2.92425,mhcflurry,8
3_PDE6H,14,LGTDITVIC,HLA-C*15:02,0.3334828391671181,1355.015134963813,0.7013749999999995,mhcflurry,9
3_PDE6H,14,LGTDITVICP,HLA-C*15:02,0.05921735242009174,26345.68176451313,23.3345,mhcflurry,10
3_PDE6H,14,LGTDITVICPW,HLA-C*15:02,0.06515250355005253,24707.018729126215,20.29175,mhcflurry,11
3_PDE6H,14,LGTDITVICPWE,HLA-C*15:02,0.02491893619298924,38183.58230877015,75.36287499999997,mhcflurry,12
3_PDE6H,14,LGTDITVICPWEA,HLA-C*15:02,0.04201460629701603,31735.447715118153,38.9425,mhcflurry,13
0_CYP4A11,12,LLGDGASI,HLA-C*15:02,0.28289765864610683,2342.299318582305,1.175874999999999,mhcflurry,8
0_CYP4A11,12,LLGDGASIT,HLA-C*15:02,0.2443963997066021,3552.7009567733276,1.7462499999999983,mhcflurry,9
0_CYP4A11,12,LLGDGASITW,HLA-C*15:02,0.0967872068285941,17545.664577538413,11.141125,mhcflurry,10
0_CYP4A11,12,LLGDGASITWN,HLA-C*15:02,0.03236146643757809,35229.33490833903,54.13475,mhcflurry,11
0_CYP4A11,12,LLGDGASITWNH,HLA-C*15:02,0.03122657537460327,35664.59226448334,56.347,mhcflurry,12
0_CYP4A11,12,LLGDGASITWNHL,HLA-C*15:02,0.0554259791970253,27448.902882879596,25.831250000000004,mhcflurry,13
2_GAS1,18,LSRYLTYC,HLA-C*15:02,0.07382041215896595,22495.212594753328,17.097125,mhcflurry,8
2_GAS1,18,LSRYLTYCG,HLA-C*15:02,0.07477621361613263,22263.775778833267,16.740875,mhcflurry,9
1_DHX15,19,MCEEEEGD,HLA-C*15:02,0.10422084480524063,16189.721604528122,9.770625,mhcflurry,8
3_PDE6H,11,MEGLGTDI,HLA-C*15:02,0.09196897968649864,18484.620022330382,12.146125,mhcflurry,8
3_PDE6H,11,MEGLGTDIT,HLA-C*15:02,0.060783978551626094,25902.871576914014,22.776000000000003,mhcflurry,9
3_PDE6H,11,MEGLGTDITV,HLA-C*15:02,0.047373127192258835,29947.812172731563,32.231500000000004,mhcflurry,10
3_PDE6H,11,MEGLGTDITVI,HLA-C*15:02,0.02918546274304379,36460.984439487365,61.10525,mhcflurry,11
3_PDE6H,11,MEGLGTDITVIC,HLA-C*15:02,0.028140798211097717,36875.442258456824,63.73575,mhcflurry,12
3_PDE6H,11,MEGLGTDITVICP,HLA-C*15:02,0.019715994596481323,40394.769761513606,91.190375,mhcflurry,13
2_GAS1,15,NLALSRYL,HLA-C*15:02,0.0816863588988781,20659.901856763077,14.58125,mhcflurry,8
2_GAS1,15,NLALSRYLT,HLA-C*15:02,0.04124421626329422,32001.08248695845,38.9425,mhcflurry,9
2_GAS1,15,NLALSRYLTY,HLA-C*15:02,0.021123632788658142,39784.205313067796,85.023,mhcflurry,10
2_GAS1,15,NLALSRYLTYC,HLA-C*15:02,0.026664450764656178,37469.21116263779,69.30862499999999,mhcflurry,11
2_GAS1,15,NLALSRYLTYCG,HLA-C*15:02,0.019246026873588562,40600.698130814824,91.190375,mhcflurry,12
1_DHX15,0,PEPERDYL,HLA-C*15:02,0.049500860273838154,29266.241144270534,30.420750000000005,mhcflurry,8
1_DHX15,0,PEPERDYLE,HLA-C*15:02,0.05344343185424805,28044.06216415124,27.228500000000004,mhcflurry,9
1_DHX15,0,PEPERDYLEA,HLA-C*15:02,0.033541735261678585,34782.30799725177,52.026375,mhcflurry,10
1_DHX15,0,PEPERDYLEAA,HLA-C*15:02,0.02547149360179901,37955.98094504496,72.29299999999998,mhcflurry,11
1_DHX15,0,PEPERDYLEAAI,HLA-C*15:02,0.044564273208379857,30871.932874227386,35.33525000000001,mhcflurry,12
1_DHX15,0,PEPERDYLEAAIR,HLA-C*15:02,0.02542084828019142,37976.785427215786,72.29299999999998,mhcflurry,13
1_DHX15,2,PERDYLEA,HLA-C*15:02,0.052889540791511536,28212.634245439836,28.00487500000001,mhcflurry,8
1_DHX15,2,PERDYLEAA,HLA-C*15:02,0.07719314843416203,21689.10919819704,15.757125,mhcflurry,9
1_DHX15,2,PERDYLEAAI,HLA-C*15:02,0.05859234929084789,26524.445432725945,23.912625,mhcflurry,10
1_DHX15,2,PERDYLEAAIR,HLA-C*15:02,0.027533140033483394,37118.68697279468,66.45625,mhcflurry,11
1_DHX15,2,PERDYLEAAIRT,HLA-C*15:02,0.0259229838848114,37771.0171824503,72.29299999999998,mhcflurry,12
1_DHX15,2,PERDYLEAAIRTV,HLA-C*15:02,0.02497003972530365,38162.47533888325,75.36287499999997,mhcflurry,13
3_PDE6H,9,PGMEGLGT,HLA-C*15:02,0.05953074246644974,26256.499826762665,23.3345,mhcflurry,8
3_PDE6H,9,PGMEGLGTD,HLA-C*15:02,0.08403953164815903,20140.52402099752,14.042625,mhcflurry,9
3_PDE6H,9,PGMEGLGTDI,HLA-C*15:02,0.11362503096461285,14623.434765830454,8.506625000000001,mhcflurry,10
3_PDE6H,9,PGMEGLGTDIT,HLA-C*15:02,0.029575053602457047,36307.61441238113,61.10525,mhcflurry,11
3_PDE6H,9,PGMEGLGTDITV,HLA-C*15:02,0.042601149529218674,31534.683792110787,37.681625,mhcflurry,12
3_PDE6H,9,PGMEGLGTDITVI,HLA-C*15:02,0.04930268973112106,29329.060009768225,30.420750000000005,mhcflurry,13
0_CYP4A11,2,QERCREEI,HLA-C*15:02,0.037601105868816376,33287.68060311487,44.758375,mhcflurry,8
0_CYP4A11,2,QERCREEIH,HLA-C*15:02,0.04988788068294536,29143.94572381832,30.420750000000005,mhcflurry,9
0_CYP4A11,2,QERCREEIHS,HLA-C*15:02,0.02377680316567421,38658.36831503489,78.57175,mhcflurry,10
0_CYP4A11,2,QERCREEIHSL,HLA-C*15:02,0.028337839990854263,36796.90946312889,63.73575,mhcflurry,11
0_CYP4A11,2,QERCREEIHSLL,HLA-C*15:02,0.03044915944337845,35965.849071196244,58.64875,mhcflurry,12
0_CYP4A11,2,QERCREEIHSLLG,HLA-C*15:02,0.01815539225935947,41082.64158870035,93.954875,mhcflurry,13
1_DHX15,16,QIHMCEEE,HLA-C*15:02,0.029012978076934925,36529.09313420982,63.73575,mhcflurry,8
1_DHX15,16,QIHMCEEEE,HLA-C*15:02,0.061655882745981105,25659.657826169714,22.234125,mhcflurry,9
1_DHX15,16,QIHMCEEEEG,HLA-C*15:02,0.02679603546857834,37415.903554148885,69.30862499999999,mhcflurry,10
1_DHX15,16,QIHMCEEEEGD,HLA-C*15:02,0.018959134817123413,40726.92290699818,93.954875,mhcflurry,11
2_GAS1,7,RCDRDSRC,HLA-C*15:02,0.22050812095403682,4600.541559049501,2.2691249999999985,mhcflurry,8
2_GAS1,7,RCDRDSRCN,HLA-C*15:02,0.4109121486544609,586.2814366452997,0.32287499999999963,mhcflurry,9
2_GAS1,7,RCDRDSRCNL,HLA-C*15:02,0.350612286478281,1125.779632092683,0.5913749999999997,mhcflurry,10
2_GAS1,7,RCDRDSRCNLA,HLA-C*15:02,0.06062684953212738,25946.9465340753,22.776000000000003,mhcflurry,11
2_GAS1,7,RCDRDSRCNLAL,HLA-C*15:02,0.1333301179111004,11815.599985150237,6.379125,mhcflurry,12
2_GAS1,7,RCDRDSRCNLALS,HLA-C*15:02,0.048513639718294255,29580.524239857103,31.310625000000005,mhcflurry,13
2_GAS1,13,RCNLALSR,HLA-C*15:02,0.06795240566134453,23969.76015339614,19.40125,mhcflurry,8
2_GAS1,13,RCNLALSRY,HLA-C*15:02,0.10632492974400531,15825.314469014867,9.469500000000002,mhcflurry,9
2_GAS1,13,RCNLALSRYL,HLA-C*15:02,0.10152088478207588,16669.647334647787,10.254875,mhcflurry,10
2_GAS1,13,RCNLALSRYLT,HLA-C*15:02,0.034036267548799404,34596.69429599707,50.015875,mhcflurry,11
2_GAS1,13,RCNLALSRYLTY,HLA-C*15:02,0.03221537917852402,35285.06354536118,54.13475,mhcflurry,12
2_GAS1,13,RCNLALSRYLTYC,HLA-C*15:02,0.04260839521884929,31532.211672125788,37.681625,mhcflurry,13
0_CYP4A11,4,RCREEIHS,HLA-C*15:02,0.06710576638579369,24190.342699895493,19.40125,mhcflurry,8
0_CYP4A11,4,RCREEIHSL,HLA-C*15:02,0.2821570783853531,2361.1433591211335,1.1883749999999988,mhcflurry,9
0_CYP4A11,4,RCREEIHSLL,HLA-C*15:02,0.1014159992337228,16688.575428330045,10.254875,mhcflurry,10
0_CYP4A11,4,RCREEIHSLLG,HLA-C*15:02,0.037019893527030834,33497.672719335984,46.384875,mhcflurry,11
0_CYP4A11,4,RCREEIHSLLGD,HLA-C*15:02,0.028293073177337646,36814.73698883921,63.73575,mhcflurry,12
0_CYP4A11,4,RCREEIHSLLGDG,HLA-C*15:02,0.029549404978752136,36317.691624597144,61.10525,mhcflurry,13
2_GAS1,10,RDSRCNLA,HLA-C*15:02,0.06145061179995526,25716.710903748448,22.234125,mhcflurry,8
2_GAS1,10,RDSRCNLAL,HLA-C*15:02,0.33915989473462105,1274.2887010862403,0.6693749999999995,mhcflurry,9
2_GAS1,10,RDSRCNLALS,HLA-C*15:02,0.03823513910174381,33060.105305551406,43.183875,mhcflurry,10
2_GAS1,10,RDSRCNLALSR,HLA-C*15:02,0.03749513626098633,33325.869069871216,44.758375,mhcflurry,11
2_GAS1,10,RDSRCNLALSRY,HLA-C*15:02,0.0320526659488678,35347.238357121605,54.13475,mhcflurry,12
2_GAS1,10,RDSRCNLALSRYL,HLA-C*15:02,0.07601679861545552,21966.92907495849,16.401875,mhcflurry,13
1_DHX15,4,RDYLEAAI,HLA-C*15:02,0.08974012732505798,18935.807844972067,12.565125,mhcflurry,8
1_DHX15,4,RDYLEAAIR,HLA-C*15:02,0.11502544954419125,14403.527535068795,8.38225,mhcflurry,9
1_DHX15,4,RDYLEAAIRT,HLA-C*15:02,0.03583427518606175,33930.153164989475,48.146625,mhcflurry,10
1_DHX15,4,RDYLEAAIRTV,HLA-C*15:02,0.03226923570036899,35264.50837697596,54.13475,mhcflurry,11
1_DHX15,4,RDYLEAAIRTVI,HLA-C*15:02,0.03609198331832886,33835.67597574743,46.384875,mhcflurry,12
1_DHX15,4,RDYLEAAIRTVIQ,HLA-C*15:02,0.02922898530960083,36443.81883908899,61.10525,mhcflurry,13
0_CYP4A11,6,REEIHSLL,HLA-C*15:02,0.09404125809669495,18074.777230433403,11.73425,mhcflurry,8
0_CYP4A11,6,REEIHSLLG,HLA-C*15:02,0.07891795411705971,21288.10017191826,15.45675,mhcflurry,9
0_CYP4A11,6,REEIHSLLGD,HLA-C*15:02,0.02553088217973698,37931.59935737167,72.29299999999998,mhcflurry,10
0_CYP4A11,6,REEIHSLLGDG,HLA-C*15:02,0.02083268016576767,39909.645038201794,88.184,mhcflurry,11
0_CYP4A11,6,REEIHSLLGDGA,HLA-C*15:02,0.026833895593881607,37400.579711032064,69.30862499999999,mhcflurry,12
0_CYP4A11,6,REEIHSLLGDGAS,HLA-C*15:02,0.027350082993507385,37192.278457170476,66.45625,mhcflurry,13
2_GAS1,6,RRCDRDSR,HLA-C*15:02,0.04126236215233803,31994.800187285906,38.9425,mhcflurry,8
2_GAS1,6,RRCDRDSRC,HLA-C*15:02,0.17333151400089275,7664.616314370747,3.855625,mhcflurry,9
2_GAS1,6,RRCDRDSRCN,HLA-C*15:02,0.04763830453157436,29862.01025601077,32.231500000000004,mhcflurry,10
2_GAS1,6,RRCDRDSRCNL,HLA-C*15:02,0.09173184260725986,18532.108213163003,12.146125,mhcflurry,11
2_GAS1,6,RRCDRDSRCNLA,HLA-C*15:02,0.03997697681188572,32442.87919707548,41.693125,mhcflurry,12
2_GAS1,6,RRCDRDSRCNLAL,HLA-C*15:02,0.07167200371623039,23024.245572394688,17.828374999999994,mhcflurry,13
2_GAS1,5,RRRCDRDS,HLA-C*15:02,0.03251579403877258,35170.558388013385,54.13475,mhcflurry,8
2_GAS1,5,RRRCDRDSR,HLA-C*15:02,0.05603379383683216,27268.979652639046,25.831250000000004,mhcflurry,9
2_GAS1,5,RRRCDRDSRC,HLA-C*15:02,0.03146113082766533,35574.196061045346,56.347,mhcflurry,10
2_GAS1,5,RRRCDRDSRCN,HLA-C*15:02,0.023904334753751644,38605.06182964188,78.57175,mhcflurry,11
2_GAS1,5,RRRCDRDSRCNL,HLA-C*15:02,0.03690988942980755,33537.56605363979,46.384875,mhcflurry,12
2_GAS1,5,RRRCDRDSRCNLA,HLA-C*15:02,0.021521542221307755,39613.29088088459,85.023,mhcflurry,13
1_DHX15,12,RTVIQIHM,HLA-C*15:02,0.12276515737175953,13246.471586554786,7.4515,mhcflurry,8
1_DHX15,12,RTVIQIHMC,HLA-C*15:02,0.12276754155755032,13246.129880190616,7.4515,mhcflurry,9
1_DHX15,12,RTVIQIHMCE,HLA-C*15:02,0.0287371687591077,36638.26591112947,63.73575,mhcflurry,10
1_DHX15,12,RTVIQIHMCEE,HLA-C*15:02,0.0355689339339732,34027.70434342858,48.146625,mhcflurry,11
1_DHX15,12,RTVIQIHMCEEE,HLA-C*15:02,0.03175048902630817,35462.99483323774,56.347,mhcflurry,12
1_DHX15,12,RTVIQIHMCEEEE,HLA-C*15:02,0.028470367193221935,36744.18363588314,63.73575,mhcflurry,13
0_CYP4A11,18,SITWNHLD,HLA-C*15:02,0.04632166028022777,30290.463028327304,33.215,mhcflurry,8
0_CYP4A11,18,SITWNHLDQ,HLA-C*15:02,0.10770664736628532,15590.487633175324,9.311125000000002,mhcflurry,9
0_CYP4A11,11,SLLGDGAS,HLA-C*15:02,0.07239055261015881,22845.936693559768,17.454874999999998,mhcflurry,8
0_CYP4A11,11,SLLGDGASI,HLA-C*15:02,0.4979233592748642,228.68784112152068,0.12775000000000009,mhcflurry,9
0_CYP4A11,11,SLLGDGASIT,HLA-C*15:02,0.05587987601757061,27314.430065087097,25.831250000000004,mhcflurry,10
0_CYP4A11,11,SLLGDGASITW,HLA-C*15:02,0.056179624050855526,27225.98720394867,25.162875000000003,mhcflurry,11
0_CYP4A11,11,SLLGDGASITWN,HLA-C*15:02,0.026301570236682892,37616.615219889914,69.30862499999999,mhcflurry,12
0_CYP4A11,11,SLLGDGASITWNH,HLA-C*15:02,0.023974470794201008,38575.77724391715,78.57175,mhcflurry,13
2_GAS1,12,SRCNLALS,HLA-C*15:02,0.033636558800935745,34746.64070407167,52.026375,mhcflurry,8
2_GAS1,12,SRCNLALSR,HLA-C*15:02,0.0789579264819622,21278.895226898367,15.45675,mhcflurry,9
2_GAS1,12,SRCNLALSRY,HLA-C*15:02,0.027321651577949635,37203.72136580025,66.45625,mhcflurry,10
2_GAS1,12,SRCNLALSRYL,HLA-C*15:02,0.05062231793999683,28913.27259617974,29.576875000000005,mhcflurry,11
2_GAS1,12,SRCNLALSRYLT,HLA-C*15:02,0.019695371389389038,40403.784396706076,91.190375,mhcflurry,12
2_GAS1,12,SRCNLALSRYLTY,HLA-C*15:02,0.02510429546237003,38107.08011044659,72.29299999999998,mhcflurry,13
2_GAS1,19,SRYLTYCG,HLA-C*15:02,0.02688291296362877,37380.749308119426,69.30862499999999,mhcflurry,8
3_PDE6H,16,TDITVICP,HLA-C*15:02,0.03624992072582245,33777.905332273935,46.384875,mhcflurry,8
3_PDE6H,16,TDITVICPW,HLA-C*15:02,0.15661896020174038,9183.795578679437,4.7337500000000015,mhcflurry,9
3_PDE6H,16,TDITVICPWE,HLA-C*15:02,0.019948843866586685,40293.12817893809,91.190375,mhcflurry,10
3_PDE6H,16,TDITVICPWEA,HLA-C*15:02,0.03453395888209354,34410.894920475264,50.015875,mhcflurry,11
2_GAS1,2,TEARRRCD,HLA-C*15:02,0.026093285530805588,37701.48340426174,69.30862499999999,mhcflurry,8
2_GAS1,2,TEARRRCDR,HLA-C*15:02,0.07217305898666393,22899.76180745175,17.454874999999998,mhcflurry,9
2_GAS1,2,TEARRRCDRD,HLA-C*15:02,0.019085649400949478,40671.21160080356,91.190375,mhcflurry,10
2_GAS1,2,TEARRRCDRDS,HLA-C*15:02,0.025313563644885906,38020.89432235278,72.29299999999998,mhcflurry,11
2_GAS1,2,TEARRRCDRDSR,HLA-C*15:02,0.019406355917453877,40530.32815055737,91.190375,mhcflurry,12
2_GAS1,2,TEARRRCDRDSRC,HLA-C*15:02,0.029424499720334896,36366.80624778403,61.10525,mhcflurry,13
3_PDE6H,19,TVICPWEA,HLA-C*15:02,0.055562641471624485,27408.34540402022,25.831250000000004,mhcflurry,8
1_DHX15,13,TVIQIHMC,HLA-C*15:02,0.08076242730021488,20867.469190959084,14.858,mhcflurry,8
1_DHX15,13,TVIQIHMCE,HLA-C*15:02,0.1215479150414468,13422.085391187393,7.55725,mhcflurry,9
1_DHX15,13,TVIQIHMCEE,HLA-C*15:02,0.04980038106441498,29171.5501335982,30.420750000000005,mhcflurry,10
1_DHX15,13,TVIQIHMCEEE,HLA-C*15:02,0.03131547197699558,35630.30507062666,56.347,mhcflurry,11
1_DHX15,13,TVIQIHMCEEEE,HLA-C*15:02,0.029958304017782322,36157.36991325177,61.10525,mhcflurry,12
1_DHX15,13,TVIQIHMCEEEEG,HLA-C*15:02,0.029273375868797302,36426.319221203485,61.10525,mhcflurry,13
1_DHX15,14,VIQIHMCE,HLA-C*15:02,0.042108818888664246,31703.114372108306,37.681625,mhcflurry,8
1_DHX15,14,VIQIHMCEE,HLA-C*15:02,0.08209985867142677,20567.676415627746,14.31275,mhcflurry,9
1_DHX15,14,VIQIHMCEEE,HLA-C*15:02,0.028583087027072906,36699.397613004076,63.73575,mhcflurry,10
1_DHX15,14,VIQIHMCEEEE,HLA-C*15:02,0.025678183883428574,37871.19319454582,72.29299999999998,mhcflurry,11
1_DHX15,14,VIQIHMCEEEEG,HLA-C*15:02,0.021600514650344738,39579.45719995433,85.023,mhcflurry,12
1_DHX15,14,VIQIHMCEEEEGD,HLA-C*15:02,0.021187081933021656,39756.90260317585,85.023,mhcflurry,13
3_PDE6H,1,VKGFGDDI,HLA-C*15:02,0.053969427943229675,27884.91219318519,27.228500000000004,mhcflurry,8
3_PDE6H,1,VKGFGDDIP,HLA-C*15:02,0.051378004252910614,28677.831156572924,28.77062500000001,mhcflurry,9
3_PDE6H,1,VKGFGDDIPG,HLA-C*15:02,0.03276846185326576,35074.54008088987,54.13475,mhcflurry,10
3_PDE6H,1,VKGFGDDIPGM,HLA-C*15:02,0.02322838082909595,38888.44158384858,78.57175,mhcflurry,11
3_PDE6H,1,VKGFGDDIPGME,HLA-C*15:02,0.018595542758703232,40887.45759298725,93.954875,mhcflurry,12
3_PDE6H,1,VKGFGDDIPGMEG,HLA-C*15:02,0.02105550840497028,39813.54069198538,85.023,mhcflurry,13
1_DHX15,6,YLEAAIRT,HLA-C*15:02,0.07910985872149456,21243.94415789107,15.147125,mhcflurry,8
1_DHX15,6,YLEAAIRTV,HLA-C*15:02,0.19511139020323764,6055.464107263026,3.0265000000000004,mhcflurry,9
1_DHX15,6,YLEAAIRTVI,HLA-C*15:02,0.07270166103262465,22769.163720417564,17.454874999999998,mhcflurry,10
1_DHX15,6,YLEAAIRTVIQ,HLA-C*15:02,0.0447900623548777,30796.60514696538,35.33525000000001,mhcflurry,11
1_DHX15,6,YLEAAIRTVIQI,HLA-C*15:02,0.06449277536012232,24884.011158798592,20.750375,mhcflurry,12
1_DHX15,6,YLEAAIRTVIQIH,HLA-C*15:02,0.023476757400203496,38784.073886468395,78.57175,mhcflurry,13
